row,verilog_ball_name
9,SYS
10,SYS_RESET_N
11,SHUTDOWN_N
12,SCE_ERROR
13,VCOMP_ALERT
14,SOC_GPIO26
15,SOC_GPIO27
16,PMU_INT_N
17,SOC_PWR_REQ
18,AO_RETENTION_N
19,BATT_OC
20,BOOTV_CTL_N
21,CLK_32K_IN
22,POWER_ON
23,HDMI_CEC
24,AO
25,SPI2_SCK
26,SPI2_MISO
27,SPI2_MOSI
28,SPI2_CS0
29,TOUCH_CLK
30,UART3_TX
31,UART3_RX
32,GEN2_I2C_SCL
33,GEN2_I2C_SDA
34,GEN8_I2C_SCL
35,GEN8_I2C_SDA
36,AO_HV (3.3V Capable)
37,CAN0_DOUT
38,CAN0_DIN
39,CAN1_DOUT
40,CAN1_DIN
41,CAN0_STB
42,CAN0_EN
43,SOC_GPIO49
44,CAN0_ERR
45,CAN1_STB
46,CAN1_EN
47,SOC_GPIO50
48,CAN1_ERR
49,DEBUG
50,SOC_GPIO08
51,NVDBG_SEL
52,NVJTAG_SEL
53,JTAG_TRST_
54,JTAG_TDO
55,JTAG_TMS
56,JTAG_TCK
57,JTAG_TDI
58,G2
59,GPU_PWR_REQ
60,CV_PWR_REQ
61,GP_PWM2
62,GP_PWM3
63,UART2_TX
64,UART2_RX
65,UART2_RTS
66,UART2_CTS
67,SPI3_SCK
68,SPI3_MISO
69,SPI3_MOSI
70,SPI3_CS0
71,SPI3_CS1
72,UART5_TX
73,UART5_RX
74,UART5_RTS
75,UART5_CTS
76,USB_VBUS_EN0
77,USB_VBUS_EN1
78,SPI1_SCK
79,SPI1_MISO
80,SPI1_MOSI
81,SPI1_CS0
82,SPI1_CS1
83,G3
84,EXTPERIPH1_CLK
85,EXTPERIPH2_CLK
86,CAM_I2C_SCL
87,CAM_I2C_SDA
88,SOC_GPIO23
89,SOC_GPIO24
90,SOC_GPIO25
91,PWR_I2C_SCL
92,PWR_I2C_SDA
93,SOC_GPIO28
94,SOC_GPIO29
95,SOC_GPIO30
96,SOC_GPIO31
97,SOC_GPIO32
98,SOC_GPIO33
99,SOC_GPIO35
100,SOC_GPIO37
101,SOC_GPIO56
102,UART1_TX
103,UART1_RX
104,UART1_RTS
105,UART1_CTS
106,EDP1
107,DP_AUX_CH0_P
108,DP_AUX_CH0_N
109,EDP
110,DP_AUX_CH0_HPD
111,DP_AUX_CH1_P
112,DP_AUX_CH1_N
113,DP_AUX_CH1_HPD
114,DP_AUX_CH2_P
115,DP_AUX_CH2_N
116,DP_AUX_CH2_HPD
117,DP_AUX_CH3_P
118,DP_AUX_CH3_N
119,DP_AUX_CH3_HPD
120,SOC_GPIO55
121,SOC_GPIO36
122,SOC_GPIO53
123,SOC_GPIO38
124,SOC_GPIO39
125,SOC_GPIO40
126,G4
127,SOC_GPIO13
128,SOC_GPIO14
129,SOC_GPIO15
130,SOC_GPIO16
131,SOC_GPIO17
132,SOC_GPIO18
133,SOC_GPIO19
134,SOC_GPIO20
135,SOC_GPIO21
136,SOC_GPIO22
137,SOC_GPIO06
138,UART4_TX
139,UART4_RX
140,UART4_RTS
141,UART4_CTS
142,SOC_GPIO41
143,SOC_GPIO42
144,SOC_GPIO43
145,SOC_GPIO44
146,GEN1_I2C_SCL
147,GEN1_I2C_SDA
148,CPU_PWR_REQ
149,SOC_GPIO07
150,SDMMC1V (3.V3V Capable)
151,SDMMC1_CLK
152,SDMMC1_CMD
153,SDMMC1_DAT0
154,SDMMC1_DAT1
155,SDMMC1_DAT2
156,SDMMC1_DAT3
157,SDMMC1_COMP
158,QSPI
159,QSPI0_SCK
160,QSPI0_CS_N
161,QSPI0_IO0
162,QSPI0_IO1
163,QSPI0_IO2
164,QSPI0_IO3
165,QSPI1_SCK
166,QSPI1_CS_N
167,QSPI1_IO0
168,QSPI1_IO1
169,QSPI1_IO2
170,QSPI1_IO3
171,QSPI_COMP
172,EQOS (RGMII)
173,EQOS_TXC
174,EQOS_TD0
175,EQOS_TD1
176,EQOS_TD2
177,EQOS_TD3
178,EQOS_TX_CTL
179,EQOS_RD0
180,EQOS_RD1
181,EQOS_RD2
182,EQOS_RD3
183,EQOS_RX_CTL
184,EQOS_RXC
185,EQOS_SMA_MDIO
186,EQOS_SMA_MDC
187,EQOS_COMP
188,G7
189,SPI5_SCK
190,SPI5_MISO
191,SPI5_MOSI
192,SPI5_CS0
193,SOC_GPIO57
194,SOC_GPIO58
195,SOC_GPIO59
196,SOC_GPIO60
197,SOC_GPIO45
198,SOC_GPIO46
199,SOC_GPIO47
200,SOC_GPIO48
201,UFS
202,UFS0_REF_CLK
203,UFS0_RST_N
204,PEX_CTL
205,PEX_L0_CLKREQ_N
206,PEX_L0_RST_N
207,PEX_L1_CLKREQ_N
208,PEX_L1_RST_N
209,PEX_L2_CLKREQ_N
210,PEX_L2_RST_N
211,PEX_L3_CLKREQ_N
212,PEX_L3_RST_N
213,PEX_L4_CLKREQ_N
214,PEX_L4_RST_N
215,PEX_WAKE_N
216,SOC_GPIO34
217,PEX_CLK
218,PEX_CLK0P
219,PEX_CLK0N
220,PEX_CLK1P
221,PEX_CLK1N
222,PEX_CLK2P
223,PEX_CLK2N
224,PEX_CLK3P
225,PEX_CLK3N
226,PEX_CLK4P
227,PEX_CLK4N
228,PEX_CTL3
229,PEX_L7_CLKREQ_N
230,PEX_L7_RST_N
231,PEX_L8_CLKREQ_N
232,PEX_L8_RST_N
233,PEX_L9_CLKREQ_N
234,PEX_L9_RST_N
235,PEX_L10_CLKREQ_N
236,PEX_L10_RST_N
237, PEX_CLK3
238,PEX_CLK7P
239,PEX_CLK7N
240,PEX_CLK8P
241,PEX_CLK8N
242,PEX_CLK9P
243,PEX_CLK9N
244,PEX_CLK10P
245,PEX_CLK10N
246,G9
247,CAN2_DOUT
248,CAN2_DIN
249,CAN2_STB
250,CAN2_EN
251,CAN2_ERR
252,CAN3_DOUT
253,CAN3_DIN
254,CAN3_STB
255,CAN3_EN
256,CAN3_ERR
257,G10
258,SOC_ERROR
259,UART7_TX
260,UART7_RX
261,SPI7_SCK
262,SPI7_MISO
263,SPI7_MOSI
264,SPI7_CS0
265,SOC_GPIO51
266,SOC_GPIO52
267,G11
268,SOC_GPIO61
269,SOC_GPIO62
270,G5
271,DAP6_SCLK
272,DAP6_DOUT
273,DAP6_DIN
274,DAP6_FS
275,DAP4_SCLK
276,DAP4_DOUT
277,DAP4_DIN
278,DAP4_FS
279,PEX_CTL2
280,PEX_L5_CLKREQ_N
281,PEX_L5_RST_N
282,PEX_L6_CLKREQ_N
283,PEX_L6_RST_N
284,PEX_CLK2
285,PEX_CLK5P
286,PEX_CLK5N
287,PEX_CLK6P
288,PEX_CLK6N
289,G8
290,SPI6_SCK
291,SPI6_MISO
292,SPI6_MOSI
293,SPI6_CS0
294,EMMC
295,EMMC_CLK
296,EMMC_CMD
297,EMMC_DAT0
298,EMMC_DAT1
299,EMMC_DAT2
300,EMMC_DAT3
301,EMMC_DAT4
302,EMMC_DAT5
303,EMMC_DAT6
304,EMMC_DAT7
305,EMMC_DQS
306,EMMC_COMP
307,Dedicated SFIOs
308,CSI
309,CSI_A_D0_P
310,CSI_A_D0_N
311,CSI_A_CLK_P
312,CSI_A_CLK_N
313,CSI_A_D1_P
314,CSI_A_D1_N
315,CSI_B_D0_P
316,CSI_B_D0_N
317,CSI_B_CLK_P
318,CSI_B_CLK_N
319,CSI_B_D1_P
320,CSI_B_D1_N
321,CSI_C_D0_P
322,CSI_C_D0_N
323,CSI_C_CLK_P
324,CSI_C_CLK_N
325,CSI_C_D1_P
326,CSI_C_D1_N
327,CSI_D_D0_P
328,CSI_D_D0_N
329,CSI_D_CLK_P
330,CSI_D_CLK_N
331,CSI_D_D1_P
332,CSI_D_D1_N
333,CSI_E_D0_P
334,CSI_E_D0_N
335,CSI_E_CLK_P
336,CSI_E_CLK_N
337,CSI_E_D1_P
338,CSI_E_D1_N
339,CSI_F_D0_P
340,CSI_F_D0_N
341,CSI_F_CLK_P
342,CSI_F_CLK_N
343,CSI_F_D1_P
344,CSI_F_D1_N
345,CSI_G_D0_P
346,CSI_G_D0_N
347,CSI_G_CLK_P
348,CSI_G_CLK_N
349,CSI_G_D1_P
350,CSI_G_D1_N
351,CSI_H_D0_P
352,CSI_H_D0_N
353,CSI_H_CLK_P
354,CSI_H_CLK_N
355,CSI_H_D1_P
356,CSI_H_D1_N
357,CSI_RDN
358,HDMI_DP0
359,HDMI_DP0_TXDP0
360,HDMI_DP0_TXDN0
361,HDMI_DP0_TXDP1
362,HDMI_DP0_TXDN1
363,HDMI_DP0_TXDP2
364,HDMI_DP0_TXDN2
365,HDMI_DP0_TXDP3
366,HDMI_DP0_TXDN3
367,HDMI_DP0_RSET
368,USB 2.0
369,USB0_DP
370,USB0_DN
371,USB1_DP
372,USB1_DN
373,USB2_DP
374,USB2_DN
375,USB3_DP
376,USB3_DN
377,USB_REXT
378,PEX
379,PEX_REFCLK1P
380,PEX_REFCLK1N
381,PEX_REFCLK2P
382,PEX_REFCLK2N
383,PEX_RX0P
384,PEX_RX0N
385,PEX_TX0P
386,PEX_TX0N
387,PEX_RX1P
388,PEX_RX1N
389,PEX_TX1P
390,PEX_TX1N
391,PEX_RX2P
392,PEX_RX2N
393,PEX_TX2P
394,PEX_TX2N
395,PEX_RX3P
396,PEX_RX3N
397,PEX_TX3P
398,PEX_TX3N
399,PEX_RX4P
400,PEX_RX4N
401,PEX_TX4P
402,PEX_TX4N
403,PEX_RX5P
404,PEX_RX5N
405,PEX_TX5P
406,PEX_TX5N
407,PEX_RX6P
408,PEX_RX6N
409,PEX_TX6P
410,PEX_TX6N
411,PEX_RX7P
412,PEX_RX7N
413,PEX_TX7P
414,PEX_TX7N
415,PEX_PLL0_TERMP
416,PEX_PLL1_TERMP
417,PEX_PLL2_TERMP
418,PEX_PLL3_TERMP
419,NVHS0
420,NVHS0_REFCLK0_P
421,NVHS0_REFCLK0_N
422,NVHS0_REFCLK1_P
423,NVHS0_REFCLK1_N
424,NVHS0_RX0P
425,NVHS0_RX0N
426,NVHS0_TX0P
427,NVHS0_TX0N
428,NVHS0_RX1P
429,NVHS0_RX1N
430,NVHS0_TX1P
431,NVHS0_TX1N
432,NVHS0_RX2P
433,NVHS0_RX2N
434,NVHS0_TX2P
435,NVHS0_TX2N
436,NVHS0_RX3P
437,NVHS0_RX3N
438,NVHS0_TX3P
439,NVHS0_TX3N
440,NVHS0_RX4P
441,NVHS0_RX4N
442,NVHS0_TX4P
443,NVHS0_TX4N
444,NVHS0_RX5P
445,NVHS0_RX5N
446,NVHS0_TX5P
447,NVHS0_TX5N
448,NVHS0_RX6P
449,NVHS0_RX6N
450,NVHS0_TX6P
451,NVHS0_TX6N
452,NVHS0_RX7P
453,NVHS0_RX7N
454,NVHS0_TX7P
455,NVHS0_TX7N
456,NVHS0_PLL0_TERMP
457,NVHS0_PLL1_TERMP
458,UPHY2
459,UPHY2_REFCLK0P
460,UPHY2_REFCLK0N
461,UPHY2_REFCLK1P
462,UPHY2_REFCLK1N
463,UPHY2_REFCLK2P
464,UPHY2_REFCLK2N
465,UPHY2_RX0P
466,UPHY2_RX0N
467,UPHY2_TX0P
468,UPHY2_TX0N
469,UPHY2_RX1P
470,UPHY2_RX1N
471,UPHY2_TX1P
472,UPHY2_TX1N
473,UPHY2_RX2P
474,UPHY2_RX2N
475,UPHY2_TX2P
476,UPHY2_TX2N
477,UPHY2_RX3P
478,UPHY2_RX3N
479,UPHY2_TX3P
480,UPHY2_TX3N
481,UPHY2_RX4P
482,UPHY2_RX4N
483,UPHY2_TX4P
484,UPHY2_TX4N
485,UPHY2_RX5P
486,UPHY2_RX5N
487,UPHY2_TX5P
488,UPHY2_TX5N
489,UPHY2_RX6P
490,UPHY2_RX6N
491,UPHY2_TX6P
492,UPHY2_TX6N
493,UPHY2_RX7P
494,UPHY2_RX7N
495,UPHY2_TX7P
496,UPHY2_TX7N
497,UPHY2_PLL1_TERMP
498,UPHY2_PLL2_TERMP
499,UPHY2_PLL0_TERMP
500,DDR0
501,DDR_XM0_B0D0
502,DDR_XM0_B0D1
503,DDR_XM0_B0D2
504,DDR_XM0_B0D3
505,DDR_XM0_B0D4
506,DDR_XM0_B0D5
507,DDR_XM0_B0D6
508,DDR_XM0_B0D7
509,DDR_XM0_B0DMI
510,DDR_XM0_B0WCK_P
511,DDR_XM0_B0WCK_N
512,DDR_XM0_B0RDQS_P
513,DDR_XM0_B0RDQS_N
514,DDR_XM0_B1D0
515,DDR_XM0_B1D1
516,DDR_XM0_B1D2
517,DDR_XM0_B1D3
518,DDR_XM0_B1D4
519,DDR_XM0_B1D5
520,DDR_XM0_B1D6
521,DDR_XM0_B1D7
522,DDR_XM0_B1DMI
523,DDR_XM0_B1WCK_P
524,DDR_XM0_B1WCK_N
525,DDR_XM0_B1RDQS_P
526,DDR_XM0_B1RDQS_N
527,DDR_XM0_B2A_CA0
528,DDR_XM0_B2A_CA1
529,DDR_XM0_B2A_CA2
530,DDR_XM0_B2A_CA3
531,DDR_XM0_B2A_CA4
532,DDR_XM0_B2A_CA5
533,DDR_XM0_B2A_CA6
534,DDR_XM0_B2B_CA0
535,DDR_XM0_B2B_CA1
536,DDR_XM0_B2B_CA2
537,DDR_XM0_B2B_CA3
538,DDR_XM0_B2B_CA4
539,DDR_XM0_B2B_CA5
540,DDR_XM0_B2B_CA6
541,DDR_XM0_B2A_CS_CKE0
542,DDR_XM0_B2A_CS_CKE1
543,DDR_XM0_B2B_CS_CKE0
544,DDR_XM0_B2B_CS_CKE1
545,DDR_XM0_B2A_CLK_P
546,DDR_XM0_B2A_CLK_N
547,DDR_XM0_B2B_CLK_P
548,DDR_XM0_B2B_CLK_N
549,DDR_XM0_B3D0
550,DDR_XM0_B3D1
551,DDR_XM0_B3D2
552,DDR_XM0_B3D3
553,DDR_XM0_B3D4
554,DDR_XM0_B3D5
555,DDR_XM0_B3D6
556,DDR_XM0_B3D7
557,DDR_XM0_B3DMI
558,DDR_XM0_B3WCK_P
559,DDR_XM0_B3WCK_N
560,DDR_XM0_B3RDQS_P
561,DDR_XM0_B3RDQS_N
562,DDR_XM0_B4D0
563,DDR_XM0_B4D1
564,DDR_XM0_B4D2
565,DDR_XM0_B4D3
566,DDR_XM0_B4D4
567,DDR_XM0_B4D5
568,DDR_XM0_B4D6
569,DDR_XM0_B4D7
570,DDR_XM0_B4DMI
571,DDR_XM0_B4WCK_P
572,DDR_XM0_B4WCK_N
573,DDR_XM0_B4RDQS_P
574,DDR_XM0_B4RDQS_N
575,DDR_XM0_B5D0
576,DDR_XM0_B5D1
577,DDR_XM0_B5D2
578,DDR_XM0_B5D3
579,DDR_XM0_B5D4
580,DDR_XM0_B5D5
581,DDR_XM0_B5D6
582,DDR_XM0_B5D7
583,DDR_XM0_B5DMI
584,DDR_XM0_B5WCK_P
585,DDR_XM0_B5WCK_N
586,DDR_XM0_B5RDQS_P
587,DDR_XM0_B5RDQS_N
588,DDR_XM0_B6D0
589,DDR_XM0_B6D1
590,DDR_XM0_B6D2
591,DDR_XM0_B6D3
592,DDR_XM0_B6D4
593,DDR_XM0_B6D5
594,DDR_XM0_B6D6
595,DDR_XM0_B6D7
596,DDR_XM0_B6DMI
597,DDR_XM0_B6WCK_P
598,DDR_XM0_B6WCK_N
599,DDR_XM0_B6RDQS_P
600,DDR_XM0_B6RDQS_N
601,DDR_XM0_B7A_CA0
602,DDR_XM0_B7A_CA1
603,DDR_XM0_B7A_CA2
604,DDR_XM0_B7A_CA3
605,DDR_XM0_B7A_CA4
606,DDR_XM0_B7A_CA5
607,DDR_XM0_B7A_CA6
608,DDR_XM0_B7B_CA0
609,DDR_XM0_B7B_CA1
610,DDR_XM0_B7B_CA2
611,DDR_XM0_B7B_CA3
612,DDR_XM0_B7B_CA4
613,DDR_XM0_B7B_CA5
614,DDR_XM0_B7B_CA6
615,DDR_XM0_B7A_CS_CKE0
616,DDR_XM0_B7A_CS_CKE1
617,DDR_XM0_B7B_CS_CKE0
618,DDR_XM0_B7B_CS_CKE1
619,DDR_XM0_B7A_CLK_P
620,DDR_XM0_B7A_CLK_N
621,DDR_XM0_B7B_CLK_P
622,DDR_XM0_B7B_CLK_N
623,DDR_XM0_B8D0
624,DDR_XM0_B8D1
625,DDR_XM0_B8D2
626,DDR_XM0_B8D3
627,DDR_XM0_B8D4
628,DDR_XM0_B8D5
629,DDR_XM0_B8D6
630,DDR_XM0_B8D7
631,DDR_XM0_B8DMI
632,DDR_XM0_B8WCK_P
633,DDR_XM0_B8WCK_N
634,DDR_XM0_B8RDQS_P
635,DDR_XM0_B8RDQS_N
636,DDR_XM0_B9D0
637,DDR_XM0_B9D1
638,DDR_XM0_B9D2
639,DDR_XM0_B9D3
640,DDR_XM0_B9D4
641,DDR_XM0_B9D5
642,DDR_XM0_B9D6
643,DDR_XM0_B9D7
644,DDR_XM0_B9DMI
645,DDR_XM0_B9WCK_P
646,DDR_XM0_B9WCK_N
647,DDR_XM0_B9RDQS_P
648,DDR_XM0_B9RDQS_N
649,DDR1
650,DDR_XM1_B0D0
651,DDR_XM1_B0D1
652,DDR_XM1_B0D2
653,DDR_XM1_B0D3
654,DDR_XM1_B0D4
655,DDR_XM1_B0D5
656,DDR_XM1_B0D6
657,DDR_XM1_B0D7
658,DDR_XM1_B0DMI
659,DDR_XM1_B0WCK_P
660,DDR_XM1_B0WCK_N
661,DDR_XM1_B0RDQS_P
662,DDR_XM1_B0RDQS_N
663,DDR_XM1_B1D0
664,DDR_XM1_B1D1
665,DDR_XM1_B1D2
666,DDR_XM1_B1D3
667,DDR_XM1_B1D4
668,DDR_XM1_B1D5
669,DDR_XM1_B1D6
670,DDR_XM1_B1D7
671,DDR_XM1_B1DMI
672,DDR_XM1_B1WCK_P
673,DDR_XM1_B1WCK_N
674,DDR_XM1_B1RDQS_P
675,DDR_XM1_B1RDQS_N
676,DDR_XM1_B2A_CA0
677,DDR_XM1_B2A_CA1
678,DDR_XM1_B2A_CA2
679,DDR_XM1_B2A_CA3
680,DDR_XM1_B2A_CA4
681,DDR_XM1_B2A_CA5
682,DDR_XM1_B2A_CA6
683,DDR_XM1_B2B_CA0
684,DDR_XM1_B2B_CA1
685,DDR_XM1_B2B_CA2
686,DDR_XM1_B2B_CA3
687,DDR_XM1_B2B_CA4
688,DDR_XM1_B2B_CA5
689,DDR_XM1_B2B_CA6
690,DDR_XM1_B2A_CS_CKE0
691,DDR_XM1_B2A_CS_CKE1
692,DDR_XM1_B2B_CS_CKE0
693,DDR_XM1_B2B_CS_CKE1
694,DDR_XM1_B2A_CLK_P
695,DDR_XM1_B2A_CLK_N
696,DDR_XM1_B2B_CLK_P
697,DDR_XM1_B2B_CLK_N
698,DDR_XM1_B3D0
699,DDR_XM1_B3D1
700,DDR_XM1_B3D2
701,DDR_XM1_B3D3
702,DDR_XM1_B3D4
703,DDR_XM1_B3D5
704,DDR_XM1_B3D6
705,DDR_XM1_B3D7
706,DDR_XM1_B3DMI
707,DDR_XM1_B3WCK_P
708,DDR_XM1_B3WCK_N
709,DDR_XM1_B3RDQS_P
710,DDR_XM1_B3RDQS_N
711,DDR_XM1_B4D0
712,DDR_XM1_B4D1
713,DDR_XM1_B4D2
714,DDR_XM1_B4D3
715,DDR_XM1_B4D4
716,DDR_XM1_B4D5
717,DDR_XM1_B4D6
718,DDR_XM1_B4D7
719,DDR_XM1_B4DMI
720,DDR_XM1_B4WCK_P
721,DDR_XM1_B4WCK_N
722,DDR_XM1_B4RDQS_P
723,DDR_XM1_B4RDQS_N
724,DDR_XM1_B5D0
725,DDR_XM1_B5D1
726,DDR_XM1_B5D2
727,DDR_XM1_B5D3
728,DDR_XM1_B5D4
729,DDR_XM1_B5D5
730,DDR_XM1_B5D6
731,DDR_XM1_B5D7
732,DDR_XM1_B5DMI
733,DDR_XM1_B5WCK_P
734,DDR_XM1_B5WCK_N
735,DDR_XM1_B5RDQS_P
736,DDR_XM1_B5RDQS_N
737,DDR_XM1_B6D0
738,DDR_XM1_B6D1
739,DDR_XM1_B6D2
740,DDR_XM1_B6D3
741,DDR_XM1_B6D4
742,DDR_XM1_B6D5
743,DDR_XM1_B6D6
744,DDR_XM1_B6D7
745,DDR_XM1_B6DMI
746,DDR_XM1_B6WCK_P
747,DDR_XM1_B6WCK_N
748,DDR_XM1_B6RDQS_P
749,DDR_XM1_B6RDQS_N
750,DDR_XM1_B7A_CA0
751,DDR_XM1_B7A_CA1
752,DDR_XM1_B7A_CA2
753,DDR_XM1_B7A_CA3
754,DDR_XM1_B7A_CA4
755,DDR_XM1_B7A_CA5
756,DDR_XM1_B7A_CA6
757,DDR_XM1_B7B_CA0
758,DDR_XM1_B7B_CA1
759,DDR_XM1_B7B_CA2
760,DDR_XM1_B7B_CA3
761,DDR_XM1_B7B_CA4
762,DDR_XM1_B7B_CA5
763,DDR_XM1_B7B_CA6
764,DDR_XM1_B7A_CS_CKE0
765,DDR_XM1_B7A_CS_CKE1
766,DDR_XM1_B7B_CS_CKE0
767,DDR_XM1_B7B_CS_CKE1
768,DDR_XM1_B7A_CLK_P
769,DDR_XM1_B7A_CLK_N
770,DDR_XM1_B7B_CLK_P
771,DDR_XM1_B7B_CLK_N
772,DDR_XM1_B8D0
773,DDR_XM1_B8D1
774,DDR_XM1_B8D2
775,DDR_XM1_B8D3
776,DDR_XM1_B8D4
777,DDR_XM1_B8D5
778,DDR_XM1_B8D6
779,DDR_XM1_B8D7
780,DDR_XM1_B8DMI
781,DDR_XM1_B8WCK_P
782,DDR_XM1_B8WCK_N
783,DDR_XM1_B8RDQS_P
784,DDR_XM1_B8RDQS_N
785,DDR_XM1_B9D0
786,DDR_XM1_B9D1
787,DDR_XM1_B9D2
788,DDR_XM1_B9D3
789,DDR_XM1_B9D4
790,DDR_XM1_B9D5
791,DDR_XM1_B9D6
792,DDR_XM1_B9D7
793,DDR_XM1_B9DMI
794,DDR_XM1_B9WCK_P
795,DDR_XM1_B9WCK_N
796,DDR_XM1_B9RDQS_P
797,DDR_XM1_B9RDQS_N
798,DDR2
799,DDR_XM2_B0D0
800,DDR_XM2_B0D1
801,DDR_XM2_B0D2
802,DDR_XM2_B0D3
803,DDR_XM2_B0D4
804,DDR_XM2_B0D5
805,DDR_XM2_B0D6
806,DDR_XM2_B0D7
807,DDR_XM2_B0DMI
808,DDR_XM2_B0WCK_P
809,DDR_XM2_B0WCK_N
810,DDR_XM2_B0RDQS_P
811,DDR_XM2_B0RDQS_N
812,DDR_XM2_B1D0
813,DDR_XM2_B1D1
814,DDR_XM2_B1D2
815,DDR_XM2_B1D3
816,DDR_XM2_B1D4
817,DDR_XM2_B1D5
818,DDR_XM2_B1D6
819,DDR_XM2_B1D7
820,DDR_XM2_B1DMI
821,DDR_XM2_B1WCK_P
822,DDR_XM2_B1WCK_N
823,DDR_XM2_B1RDQS_P
824,DDR_XM2_B1RDQS_N
825,DDR_XM2_B2A_CA0
826,DDR_XM2_B2A_CA1
827,DDR_XM2_B2A_CA2
828,DDR_XM2_B2A_CA3
829,DDR_XM2_B2A_CA4
830,DDR_XM2_B2A_CA5
831,DDR_XM2_B2A_CA6
832,DDR_XM2_B2B_CA0
833,DDR_XM2_B2B_CA1
834,DDR_XM2_B2B_CA2
835,DDR_XM2_B2B_CA3
836,DDR_XM2_B2B_CA4
837,DDR_XM2_B2B_CA5
838,DDR_XM2_B2B_CA6
839,DDR_XM2_B2A_CS_CKE0
840,DDR_XM2_B2A_CS_CKE1
841,DDR_XM2_B2B_CS_CKE0
842,DDR_XM2_B2B_CS_CKE1
843,DDR_XM2_B2A_CLK_P
844,DDR_XM2_B2A_CLK_N
845,DDR_XM2_B2B_CLK_P
846,DDR_XM2_B2B_CLK_N
847,DDR_XM2_B3D0
848,DDR_XM2_B3D1
849,DDR_XM2_B3D2
850,DDR_XM2_B3D3
851,DDR_XM2_B3D4
852,DDR_XM2_B3D5
853,DDR_XM2_B3D6
854,DDR_XM2_B3D7
855,DDR_XM2_B3DMI
856,DDR_XM2_B3WCK_P
857,DDR_XM2_B3WCK_N
858,DDR_XM2_B3RDQS_P
859,DDR_XM2_B3RDQS_N
860,DDR_XM2_B4D0
861,DDR_XM2_B4D1
862,DDR_XM2_B4D2
863,DDR_XM2_B4D3
864,DDR_XM2_B4D4
865,DDR_XM2_B4D5
866,DDR_XM2_B4D6
867,DDR_XM2_B4D7
868,DDR_XM2_B4DMI
869,DDR_XM2_B4WCK_P
870,DDR_XM2_B4WCK_N
871,DDR_XM2_B4RDQS_P
872,DDR_XM2_B4RDQS_N
873,DDR_XM2_B5D0
874,DDR_XM2_B5D1
875,DDR_XM2_B5D2
876,DDR_XM2_B5D3
877,DDR_XM2_B5D4
878,DDR_XM2_B5D5
879,DDR_XM2_B5D6
880,DDR_XM2_B5D7
881,DDR_XM2_B5DMI
882,DDR_XM2_B5WCK_P
883,DDR_XM2_B5WCK_N
884,DDR_XM2_B5RDQS_P
885,DDR_XM2_B5RDQS_N
886,DDR_XM2_B6D0
887,DDR_XM2_B6D1
888,DDR_XM2_B6D2
889,DDR_XM2_B6D3
890,DDR_XM2_B6D4
891,DDR_XM2_B6D5
892,DDR_XM2_B6D6
893,DDR_XM2_B6D7
894,DDR_XM2_B6DMI
895,DDR_XM2_B6WCK_P
896,DDR_XM2_B6WCK_N
897,DDR_XM2_B6RDQS_P
898,DDR_XM2_B6RDQS_N
899,DDR_XM2_B7A_CA0
900,DDR_XM2_B7A_CA1
901,DDR_XM2_B7A_CA2
902,DDR_XM2_B7A_CA3
903,DDR_XM2_B7A_CA4
904,DDR_XM2_B7A_CA5
905,DDR_XM2_B7A_CA6
906,DDR_XM2_B7B_CA0
907,DDR_XM2_B7B_CA1
908,DDR_XM2_B7B_CA2
909,DDR_XM2_B7B_CA3
910,DDR_XM2_B7B_CA4
911,DDR_XM2_B7B_CA5
912,DDR_XM2_B7B_CA6
913,DDR_XM2_B7A_CS_CKE0
914,DDR_XM2_B7A_CS_CKE1
915,DDR_XM2_B7B_CS_CKE0
916,DDR_XM2_B7B_CS_CKE1
917,DDR_XM2_B7A_CLK_P
918,DDR_XM2_B7A_CLK_N
919,DDR_XM2_B7B_CLK_P
920,DDR_XM2_B7B_CLK_N
921,DDR_XM2_B8D0
922,DDR_XM2_B8D1
923,DDR_XM2_B8D2
924,DDR_XM2_B8D3
925,DDR_XM2_B8D4
926,DDR_XM2_B8D5
927,DDR_XM2_B8D6
928,DDR_XM2_B8D7
929,DDR_XM2_B8DMI
930,DDR_XM2_B8WCK_P
931,DDR_XM2_B8WCK_N
932,DDR_XM2_B8RDQS_P
933,DDR_XM2_B8RDQS_N
934,DDR_XM2_B9D0
935,DDR_XM2_B9D1
936,DDR_XM2_B9D2
937,DDR_XM2_B9D3
938,DDR_XM2_B9D4
939,DDR_XM2_B9D5
940,DDR_XM2_B9D6
941,DDR_XM2_B9D7
942,DDR_XM2_B9DMI
943,DDR_XM2_B9WCK_P
944,DDR_XM2_B9WCK_N
945,DDR_XM2_B9RDQS_P
946,DDR_XM2_B9RDQS_N
947,DDR_XM2_COMP_PU_HV
948,DDR_XM2_COMP_PU_LV
949,DDR_XM2_COMP_PD_RESCAL
950,DDR3
951,DDR_XM3_B0D0
952,DDR_XM3_B0D1
953,DDR_XM3_B0D2
954,DDR_XM3_B0D3
955,DDR_XM3_B0D4
956,DDR_XM3_B0D5
957,DDR_XM3_B0D6
958,DDR_XM3_B0D7
959,DDR_XM3_B0DMI
960,DDR_XM3_B0WCK_P
961,DDR_XM3_B0WCK_N
962,DDR_XM3_B0RDQS_P
963,DDR_XM3_B0RDQS_N
964,DDR_XM3_B1D0
965,DDR_XM3_B1D1
966,DDR_XM3_B1D2
967,DDR_XM3_B1D3
968,DDR_XM3_B1D4
969,DDR_XM3_B1D5
970,DDR_XM3_B1D6
971,DDR_XM3_B1D7
972,DDR_XM3_B1DMI
973,DDR_XM3_B1WCK_P
974,DDR_XM3_B1WCK_N
975,DDR_XM3_B1RDQS_P
976,DDR_XM3_B1RDQS_N
977,DDR_XM3_B2A_CA0
978,DDR_XM3_B2A_CA1
979,DDR_XM3_B2A_CA2
980,DDR_XM3_B2A_CA3
981,DDR_XM3_B2A_CA4
982,DDR_XM3_B2A_CA5
983,DDR_XM3_B2A_CA6
984,DDR_XM3_B2B_CA0
985,DDR_XM3_B2B_CA1
986,DDR_XM3_B2B_CA2
987,DDR_XM3_B2B_CA3
988,DDR_XM3_B2B_CA4
989,DDR_XM3_B2B_CA5
990,DDR_XM3_B2B_CA6
991,DDR_XM3_B2A_CS_CKE0
992,DDR_XM3_B2A_CS_CKE1
993,DDR_XM3_B2B_CS_CKE0
994,DDR_XM3_B2B_CS_CKE1
995,DDR_XM3_B2A_CLK_P
996,DDR_XM3_B2A_CLK_N
997,DDR_XM3_B2B_CLK_P
998,DDR_XM3_B2B_CLK_N
999,DDR_XM3_B3D0
1000,DDR_XM3_B3D1
1001,DDR_XM3_B3D2
1002,DDR_XM3_B3D3
1003,DDR_XM3_B3D4
1004,DDR_XM3_B3D5
1005,DDR_XM3_B3D6
1006,DDR_XM3_B3D7
1007,DDR_XM3_B3DMI
1008,DDR_XM3_B3WCK_P
1009,DDR_XM3_B3WCK_N
1010,DDR_XM3_B3RDQS_P
1011,DDR_XM3_B3RDQS_N
1012,DDR_XM3_B4D0
1013,DDR_XM3_B4D1
1014,DDR_XM3_B4D2
1015,DDR_XM3_B4D3
1016,DDR_XM3_B4D4
1017,DDR_XM3_B4D5
1018,DDR_XM3_B4D6
1019,DDR_XM3_B4D7
1020,DDR_XM3_B4DMI
1021,DDR_XM3_B4WCK_P
1022,DDR_XM3_B4WCK_N
1023,DDR_XM3_B4RDQS_P
1024,DDR_XM3_B4RDQS_N
1025,DDR_XM3_B5D0
1026,DDR_XM3_B5D1
1027,DDR_XM3_B5D2
1028,DDR_XM3_B5D3
1029,DDR_XM3_B5D4
1030,DDR_XM3_B5D5
1031,DDR_XM3_B5D6
1032,DDR_XM3_B5D7
1033,DDR_XM3_B5DMI
1034,DDR_XM3_B5WCK_P
1035,DDR_XM3_B5WCK_N
1036,DDR_XM3_B5RDQS_P
1037,DDR_XM3_B5RDQS_N
1038,DDR_XM3_B6D0
1039,DDR_XM3_B6D1
1040,DDR_XM3_B6D2
1041,DDR_XM3_B6D3
1042,DDR_XM3_B6D4
1043,DDR_XM3_B6D5
1044,DDR_XM3_B6D6
1045,DDR_XM3_B6D7
1046,DDR_XM3_B6DMI
1047,DDR_XM3_B6WCK_P
1048,DDR_XM3_B6WCK_N
1049,DDR_XM3_B6RDQS_P
1050,DDR_XM3_B6RDQS_N
1051,DDR_XM3_B7A_CA0
1052,DDR_XM3_B7A_CA1
1053,DDR_XM3_B7A_CA2
1054,DDR_XM3_B7A_CA3
1055,DDR_XM3_B7A_CA4
1056,DDR_XM3_B7A_CA5
1057,DDR_XM3_B7A_CA6
1058,DDR_XM3_B7B_CA0
1059,DDR_XM3_B7B_CA1
1060,DDR_XM3_B7B_CA2
1061,DDR_XM3_B7B_CA3
1062,DDR_XM3_B7B_CA4
1063,DDR_XM3_B7B_CA5
1064,DDR_XM3_B7B_CA6
1065,DDR_XM3_B7A_CS_CKE0
1066,DDR_XM3_B7A_CS_CKE1
1067,DDR_XM3_B7B_CS_CKE0
1068,DDR_XM3_B7B_CS_CKE1
1069,DDR_XM3_B7A_CLK_P
1070,DDR_XM3_B7A_CLK_N
1071,DDR_XM3_B7B_CLK_P
1072,DDR_XM3_B7B_CLK_N
1073,DDR_XM3_B8D0
1074,DDR_XM3_B8D1
1075,DDR_XM3_B8D2
1076,DDR_XM3_B8D3
1077,DDR_XM3_B8D4
1078,DDR_XM3_B8D5
1079,DDR_XM3_B8D6
1080,DDR_XM3_B8D7
1081,DDR_XM3_B8DMI
1082,DDR_XM3_B8WCK_P
1083,DDR_XM3_B8WCK_N
1084,DDR_XM3_B8RDQS_P
1085,DDR_XM3_B8RDQS_N
1086,DDR_XM3_B9D0
1087,DDR_XM3_B9D1
1088,DDR_XM3_B9D2
1089,DDR_XM3_B9D3
1090,DDR_XM3_B9D4
1091,DDR_XM3_B9D5
1092,DDR_XM3_B9D6
1093,DDR_XM3_B9D7
1094,DDR_XM3_B9DMI
1095,DDR_XM3_B9WCK_P
1096,DDR_XM3_B9WCK_N
1097,DDR_XM3_B9RDQS_P
1098,DDR_XM3_B9RDQS_N
1099,VDDIO_DDR_VDD2_AON
1100,DDR_RESET0_N
1101,DDR_RESET1_N
1103,ENABLE
